subject_type,overall,acceptances,rejections,p.value
Fairness minded,675.3517708333334,710.91 (230.43),653.42 (218.41),1.643052537854032e-7
Monotonic,652.2796474358975,627.1 (268.97),702.29 (268.39),5.645986151409632e-19
Opportunistic,450.52729166666666,448.58 (220.92),860.22 (192.8),0.12056705206540233
Residual,628.03125,670.07 (240.94),576.61 (237.51),6.714368491284069e-11
