column,term,estimate,std.error,statistic,p.value
pie = 11,(Intercept),949.8513645368848,64.74498665570957,14.67065503600844,1.086270922673989e-17
pie = 11,prob_accept,-453.4082371462448,103.91234178663773,-4.363372332395548,8.765197857752963e-5
pie = 11,reactionReject,-304.6988436446708,89.89353660150012,-3.3895522989089524,0.001585243648641023
pie = 11,prob_accept:reactionReject,689.256238717817,156.75425434695967,4.397049646845425,7.897336056439044e-5
pie = 19,(Intercept),865.4838596668876,60.69520651487994,14.259509265442682,4.671006585092063e-17
pie = 19,prob_accept,-352.93549687969096,109.71202477487606,-3.2169262904763456,0.002606954795511502
pie = 19,reactionReject,-236.65842823453767,83.01501666875599,-2.8507905886334393,0.006935636460914901
pie = 19,prob_accept:reactionReject,671.7121046856521,172.44772129990338,3.895163703076594,3.741683672232469e-4
