subject_type,overall,a.N,a.mean,a.sd,r.N,r.mean,r.sd,p.value
Fairness minded,675.3517708333334,423,710.914657210402,230.42781553728,532,653.422556390977,218.409972960816,1.643052537854032e-7
Monotonic,652.2796474358975,1851,627.101350621286,268.967032267569,1245,702.287469879518,268.388729667706,5.645986151409632e-19
Opportunistic,450.52729166666666,945,448.575661375661,220.920116899914,10,860.22,192.795647714822,0.12056705206540233
Residual,628.03125,427,670.068149882904,240.935065798952,288,576.609027777778,237.507644304103,6.714368491284069e-11
