column,term,estimate,std.error,statistic,p.value
pie = 11,(Intercept),949.8513645368852,64.74498665570957,14.670655036008446,1.0862709226739734e-17
pie = 11,prob_accept,-453.4082371462451,103.91234178663774,-4.36337233239555,8.765197857752906e-5
pie = 11,reactionReject,-304.69884364467123,89.89353660150013,-3.389552298908957,0.0015852436486410045
pie = 11,prob_accept:reactionReject,689.2562387178175,156.7542543469597,4.397049646845428,7.897336056438993e-5
pie = 19,(Intercept),865.4838596668876,60.695206514879935,14.259509265442684,4.6710065850920296e-17
pie = 19,prob_accept,-352.9354968796911,109.71202477487607,-3.216926290476346,0.002606954795511502
pie = 19,reactionReject,-236.65842823453733,83.01501666875596,-2.850790588633436,0.006935636460914949
pie = 19,prob_accept:reactionReject,671.7121046856522,172.44772129990346,3.8951637030765927,3.741683672232487e-4
