subject_type,overall,r.N,r.mean,r.sd,a.N,a.mean,a.sd,p.value
Fairness minded,675.3517708333334,532,653.422556390977,218.409972960816,423,710.914657210402,230.42781553728,1.643052537854032e-7
Monotonic,652.2796474358975,1245,702.287469879518,268.388729667706,1851,627.101350621286,268.967032267569,5.645986151409632e-19
Opportunistic,450.52729166666666,10,860.22,192.795647714822,945,448.575661375661,220.920116899914,0.12056705206540233
Residual,628.03125,288,576.609027777778,237.507644304103,427,670.068149882904,240.935065798952,6.714368491284069e-11
